{"cameraMode":{"drawMode":0,"name":"Shaded","section":"Shading Mode"},"sceneLighting":true,"audioPlay":false,"sceneViewState":{"m_AlwaysRefresh":false,"showFog":true,"showSkybox":true,"showFlares":true,"showImageEffects":true,"showParticleSystems":true,"showVisualEffectGraphs":true,"m_FxEnabled":true},"in2DMode":false,"pivot":{"x":11.27127456665039,"y":0.2919483184814453,"z":-0.007514476776123047},"rotation":{"x":-0.10626449435949326,"y":0.8255605101585388,"z":-0.16589701175689698,"w":-0.5288079977035523},"size":12.12435531616211,"orthographic":false}