{"cameraMode":{"drawMode":0,"name":"Shaded","section":"Shading Mode"},"sceneLighting":false,"audioPlay":false,"sceneViewState":{"m_AlwaysRefresh":false,"showFog":true,"showSkybox":false,"showFlares":true,"showImageEffects":true,"showParticleSystems":true,"showVisualEffectGraphs":true,"m_FxEnabled":true},"in2DMode":false,"pivot":{"x":0.011223316192626953,"y":0.7835488319396973,"z":0.22686713933944703},"rotation":{"x":-0.07412467151880264,"y":0.9076734781265259,"z":-0.18125592172145844,"w":-0.37119537591934206},"size":2.0101890563964845,"orthographic":true}