{"cameraMode":{"drawMode":0,"name":"Shaded","section":"Shading Mode"},"sceneLighting":false,"audioPlay":false,"sceneViewState":{"m_AlwaysRefresh":false,"showFog":true,"showSkybox":false,"showFlares":true,"showImageEffects":true,"showParticleSystems":true,"showVisualEffectGraphs":true,"m_FxEnabled":true},"in2DMode":false,"pivot":{"x":-0.019406985491514207,"y":-0.020474497228860856,"z":0.08461979031562805},"rotation":{"x":0.30637431144714358,"y":-0.4921865463256836,"z":0.19033530354499818,"w":0.7922528386116028},"size":0.15408998727798463,"orthographic":true}